{"main":"american-flights-api.raml","name":"American Flights API","organizationId":"6534da68-43e7-4f92-a891-f159cfe48aaa","groupId":"6534da68-43e7-4f92-a891-f159cfe48aaa","assetId":"american-flights-api","version":"1.0.0","metadata":{"branchId":"master","commitId":"7d87da5161ba5936f9bdb7032c28b16f3afbc9aa","projectId":"d9a24874-8f14-4865-82c2-3c2db3db7e77"},"apiVersion":"v1","classifier":"raml","dependencies":[{"assetId":"training-american-flight-data-type","groupId":"68ef9520-24e9-4cf2-b2f5-620025690913","version":"1.0.1"},{"assetId":"training-american-flights-example","groupId":"68ef9520-24e9-4cf2-b2f5-620025690913","version":"1.0.1"}],"tags":[],"originalFormatVersion":"1.0"}